{"cameraMode":{"drawMode":0,"name":"Shaded","section":"Shading Mode"},"sceneLighting":true,"audioPlay":false,"sceneViewState":{"showFog":true,"showMaterialUpdate":false,"showSkybox":true,"showFlares":true,"showImageEffects":true,"showParticleSystems":true},"in2DMode":false,"pivot":{"x":261.9713134765625,"y":127.21746826171875,"z":19.72509765625},"rotation":{"x":0.21737991273403169,"y":0.3615274727344513,"z":-0.08716387301683426,"w":0.9024668335914612},"size":665.332275390625,"orthographic":false}